{"414699730153766912":{"coin":0,"warns":0,"xp":0,"level":0,"warns_reason":{},"rep":0,"repl":{},"cooldown":{"VIP":"","DjRole":"","GodMode":""}},"443667333748097034":{"coin":0,"warns":0,"xp":0,"level":0,"warns_reason":{},"rep":0,"repl":{},"cooldown":{"VIP":"","DjRole":"","GodMode":""}},"250341823627657216":{"coin":18,"warns":0,"xp":6,"level":2,"warns_reason":{},"rep":0,"repl":{},"cooldown":{"VIP":"","DjRole":"","GodMode":""}},"429602867050053653":{"coin":4,"warns":0,"xp":3,"level":1,"warns_reason":{},"rep":0,"repl":{},"cooldown":{"VIP":"","DjRole":"","GodMode":""}},"506453833635987488":{"coin":1000000364,"warns":0,"xp":365,"level":99999,"warns_reason":{},"rep":1,"repl":{"320627738413367296":"set"}},"312991295562055681":{"coin":0,"warns":0,"xp":0,"level":0,"warns_reason":{},"rep":0,"repl":{},"cooldown":{"VIP":"","DjRole":"","GodMode":""}},"533294066507710486":{"coin":0,"warns":0,"xp":0,"level":0,"warns_reason":{},"rep":0,"repl":{},"cooldown":{"VIP":"","DjRole":"","GodMode":""}},"498849289729212416":{"coin":0,"warns":0,"xp":0,"level":0,"warns_reason":{},"rep":0,"repl":{},"cooldown":{"VIP":"","DjRole":"","GodMode":""}},"542752627490947072":{"coin":0,"warns":0,"xp":18,"level":4,"warns_reason":{},"rep":0,"repl":{},"cooldown":{"VIP":"","DjRole":"","GodMode":""}},"447819843081732106":{"coin":0,"warns":0,"xp":0,"level":0,"warns_reason":{},"rep":0,"repl":{},"cooldown":{"VIP":"","DjRole":"","GodMode":""}},"420316246974791691":{"coin":0,"warns":0,"xp":0,"level":0,"warns_reason":{},"rep":0,"repl":{},"cooldown":{"VIP":"","DjRole":"","GodMode":""}},"400274358381182977":{"coin":61,"warns":0,"xp":28,"level":3,"warns_reason":{},"rep":0,"repl":{},"cooldown":{"VIP":"","DjRole":"","GodMode":""}},"360402980932943873":{"coin":12,"warns":0,"xp":15,"level":7,"warns_reason":{},"rep":0,"repl":{},"cooldown":{"VIP":"","DjRole":"","GodMode":""}},"445571992612241408":{"coin":1,"warns":0,"xp":0,"level":1,"warns_reason":{},"rep":0,"repl":{},"cooldown":{"VIP":"","DjRole":"","GodMode":""}},"383224608452509698":{"coin":0,"warns":0,"xp":0,"level":0,"warns_reason":{},"rep":0,"repl":{},"cooldown":{"VIP":"","DjRole":"","GodMode":""}},"339019313224744960":{"coin":0,"warns":0,"xp":0,"level":0,"warns_reason":{},"rep":0,"repl":{},"cooldown":{"VIP":"","DjRole":"","GodMode":""}},"487985022096244746":{"coin":0,"warns":0,"xp":0,"level":1,"warns_reason":{},"rep":0,"repl":{},"cooldown":{"VIP":"","DjRole":"","GodMode":""}},"314419463003045889":{"coin":0,"warns":0,"xp":0,"level":0,"warns_reason":{},"rep":0,"repl":{},"cooldown":{"VIP":"","DjRole":"","GodMode":""}},"184405311681986560":{"coin":0,"warns":0,"xp":0,"level":0,"warns_reason":{},"rep":0,"repl":{},"cooldown":{"VIP":"","DjRole":"","GodMode":""}},"509751783283753002":{"coin":2,"warns":0,"xp":1,"level":1,"warns_reason":{},"rep":0,"repl":{},"cooldown":{"VIP":"","DjRole":"","GodMode":""}},"435548222149230638":{"coin":4,"warns":0,"xp":3,"level":1,"warns_reason":{},"rep":0,"repl":{},"cooldown":{"VIP":"","DjRole":"","GodMode":""}},"304322104852217867":{"coin":3600,"warns":1,"xp":36,"level":4,"warns_reason":{"1":"[2.6]: Запрещен флуд в любом его проявлении (Огромное количество смайлов, стикеров, необоснованно большое количество сообщений подряд)"},"rep":0,"repl":{},"cooldown":{"VIP":"","DjRole":"","GodMode":""}},"291973305265815554":{"coin":0,"warns":0,"xp":0,"level":0,"warns_reason":{},"rep":0,"repl":{},"cooldown":{"VIP":"","DjRole":"","GodMode":""}},"349342349614383105":{"coin":0,"warns":0,"xp":0,"level":0,"warns_reason":{},"rep":0,"repl":{},"cooldown":{"VIP":"","DjRole":"","GodMode":""}},"341919402821812225":{"coin":2022,"warns":0,"xp":34,"level":8,"warns_reason":{},"rep":0,"repl":{},"cooldown":{"VIP":"","DjRole":"","GodMode":""}},"519185680153444352":{"coin":0,"warns":0,"xp":0,"level":0,"warns_reason":{},"rep":0,"repl":{},"cooldown":{"VIP":"","DjRole":"","GodMode":""}},"478441365555118101":{"coin":105,"warns":1,"xp":15,"level":5,"warns_reason":{"1":"[2.6]: Запрещен флуд в любом его проявлении (Огромное количество смайлов, стикеров, необоснованно большое количество сообщений подряд)"},"rep":0,"repl":{},"cooldown":{"VIP":"","DjRole":"","GodMode":""}},"491769129318088714":{"coin":0,"warns":0,"xp":0,"level":0,"warns_reason":{},"rep":0,"repl":{},"cooldown":{"VIP":"","DjRole":"","GodMode":""}},"265944546892840980":{"coin":0,"warns":0,"xp":0,"level":0,"warns_reason":{},"rep":0,"repl":{},"cooldown":{"VIP":"","DjRole":"","GodMode":""}},"320627738413367296":{"coin":20036,"warns":0,"xp":72,"level":15,"warns_reason":{},"rep":1,"repl":{"320627738413367296":"set"},"cooldown":{"VIP":"","DjRole":"","GodMode":""}},"380085816342478849":{"coin":0,"warns":0,"xp":0,"level":0,"warns_reason":{},"rep":0,"repl":{},"cooldown":{"VIP":"","DjRole":"","GodMode":""}},"373773387840880641":{"coin":0,"warns":0,"xp":0,"level":0,"warns_reason":{},"rep":0,"repl":{},"cooldown":{"VIP":"","DjRole":"","GodMode":""}},"155149108183695360":{"coin":0,"warns":0,"xp":0,"level":0,"warns_reason":{},"rep":0,"repl":{},"cooldown":{"VIP":"","DjRole":"","GodMode":""}},"523905849073205249":{"coin":0,"warns":0,"xp":0,"level":0,"warns_reason":{},"rep":0,"repl":{},"cooldown":{"VIP":"","DjRole":"","GodMode":""}},"315926021457051650":{"coin":0,"warns":0,"xp":0,"level":0,"warns_reason":{},"rep":0,"repl":{},"cooldown":{"VIP":"","DjRole":"","GodMode":""}},"464272403766444044":{"coin":0,"warns":0,"xp":0,"level":0,"warns_reason":{},"rep":0,"repl":{},"cooldown":{"VIP":"","DjRole":"","GodMode":""}},"422766327405477908":{"coin":0,"warns":0,"xp":0,"level":0,"warns_reason":{},"rep":0,"repl":{},"cooldown":{"VIP":"","DjRole":"","GodMode":""}},"545138713743589386":{"coin":0,"warns":0,"xp":0,"level":0,"warns_reason":{},"rep":0,"repl":{},"cooldown":{"VIP":"","DjRole":"","GodMode":""}},"474804817336729611":{"coin":0,"warns":0,"xp":0,"level":0,"warns_reason":{},"rep":0,"repl":{},"cooldown":{"VIP":"","DjRole":"","GodMode":""}},"356361478993084416":{"coin":0,"warns":0,"xp":0,"level":0,"warns_reason":{},"rep":0,"repl":{},"cooldown":{"VIP":"","DjRole":"","GodMode":""}},"564187268336713728":{"coin":0,"warns":0,"xp":0,"level":0,"warns_reason":{},"rep":0,"repl":{},"cooldown":{"VIP":"","DjRole":"","GodMode":""}},"547103808560562186":{"coin":0,"warns":0,"xp":0,"level":0,"warns_reason":{},"rep":0,"repl":{},"cooldown":{"VIP":"","DjRole":"","GodMode":""}},"357525310272700417":{"coin":3,"warns":0,"xp":2,"level":1,"warns_reason":{},"rep":0,"repl":{},"cooldown":{"VIP":"","DjRole":"","GodMode":""}},"212044963054223360":{"coin":0,"warns":0,"xp":0,"level":0,"warns_reason":{},"rep":0,"repl":{},"cooldown":{"VIP":"","DjRole":"","GodMode":""}},"159985870458322944":{"coin":0,"warns":0,"xp":0,"level":0,"warns_reason":{},"rep":0,"repl":{},"cooldown":{"VIP":"","DjRole":"","GodMode":""}},"414133153452654592":{"coin":0,"warns":0,"xp":0,"level":0,"warns_reason":{},"rep":0,"repl":{},"cooldown":{"VIP":"","DjRole":"","GodMode":""}},"326427611964243980":{"coin":0,"warns":0,"xp":0,"level":0,"warns_reason":{},"rep":0,"repl":{},"cooldown":{"VIP":"","DjRole":"","GodMode":""}},"502118769968152595":{"coin":0,"warns":0,"xp":0,"level":0,"warns_reason":{},"rep":0,"repl":{},"cooldown":{"VIP":"","DjRole":"","GodMode":""}},"561435407800336389":{"coin":0,"warns":0,"xp":0,"level":0,"warns_reason":{},"rep":0,"repl":{},"cooldown":{"VIP":"","DjRole":"","GodMode":""}},"458580835809886220":{"coin":0,"warns":0,"xp":0,"level":0,"warns_reason":{},"rep":0,"repl":{},"cooldown":{"VIP":"","DjRole":"","GodMode":""}},"254912660943011841":{"coin":0,"warns":0,"xp":0,"level":0,"warns_reason":{},"rep":0,"repl":{},"cooldown":{"VIP":"","DjRole":"","GodMode":""}},"520965231783051265":{"coin":0,"warns":0,"xp":0,"level":0,"warns_reason":{},"rep":0,"repl":{},"cooldown":{"VIP":"","DjRole":"","GodMode":""}},"481464689352507410":{"coin":11,"warns":0,"xp":2,"level":1,"warns_reason":{},"rep":0,"repl":{},"cooldown":{"VIP":"","DjRole":"","GodMode":""}},"204255221017214977":{"coin":0,"warns":0,"xp":0,"level":0,"warns_reason":{},"rep":0,"repl":{},"cooldown":{"VIP":"","DjRole":"","GodMode":""}},"434758371598532618":{"coin":52,"warns":0,"xp":23,"level":3,"warns_reason":{},"rep":0,"repl":{},"cooldown":{"VIP":"","DjRole":"","GodMode":""}},"540411312237182987":{"coin":0,"warns":0,"xp":0,"level":0,"warns_reason":{},"rep":0,"repl":{},"cooldown":{"VIP":"","DjRole":"","GodMode":""}},"322480062286790657":{"coin":0,"warns":0,"xp":0,"level":0,"warns_reason":{},"rep":0,"repl":{},"cooldown":{"VIP":"","DjRole":"","GodMode":""}},"323074852061839360":{"coin":0,"warns":0,"xp":0,"level":0,"warns_reason":{},"rep":0,"repl":{},"cooldown":{"VIP":"","DjRole":"","GodMode":""}},"417264372952596480":{"coin":0,"warns":0,"xp":1,"level":1,"warns_reason":{},"rep":0,"repl":{},"cooldown":{"VIP":"","DjRole":"","GodMode":""}},"544877840840130580":{"coin":0,"warns":0,"xp":0,"level":0,"warns_reason":{},"rep":0,"repl":{},"cooldown":{"VIP":"","DjRole":"","GodMode":""}},"386106673158160388":{"coin":0,"warns":0,"xp":0,"level":0,"warns_reason":{},"rep":0,"repl":{},"cooldown":{"VIP":"","DjRole":"","GodMode":""}},"499578382590410753":{"coin":0,"warns":0,"xp":0,"level":0,"warns_reason":{},"rep":0,"repl":{},"cooldown":{"VIP":"","DjRole":"","GodMode":""}},"450270635365761025":{"coin":0,"warns":0,"xp":0,"level":0,"warns_reason":{},"rep":0,"repl":{},"cooldown":{"VIP":"","DjRole":"","GodMode":""}},"401073991764410368":{"coin":0,"warns":0,"xp":0,"level":0,"warns_reason":{},"rep":0,"repl":{},"cooldown":{"VIP":"","DjRole":"","GodMode":""}},"292953664492929025":{"coin":0,"warns":0,"xp":0,"level":0,"warns_reason":{},"rep":0,"repl":{},"cooldown":{"VIP":"","DjRole":"","GodMode":""}},"510372367172763658":{"coin":0,"warns":0,"xp":0,"level":0,"warns_reason":{},"rep":0,"repl":{},"cooldown":{"VIP":"","DjRole":"","GodMode":""}},"397637643887968256":{"coin":0,"warns":0,"xp":0,"level":0,"warns_reason":{},"rep":0,"repl":{},"cooldown":{"VIP":"","DjRole":"","GodMode":""}},"465195081754738700":{"coin":0,"warns":0,"xp":0,"level":0,"warns_reason":{},"rep":0,"repl":{},"cooldown":{"VIP":"","DjRole":"","GodMode":""}},"451083068015509534":{"coin":0,"warns":0,"xp":0,"level":0,"warns_reason":{},"rep":0,"repl":{},"cooldown":{"VIP":"","DjRole":"","GodMode":""}},"308996250538082304":{"coin":31160,"warns":0,"xp":70,"level":9,"warns_reason":{},"rep":0,"repl":{},"cooldown":{"VIP":"","DjRole":"","GodMode":""}},"269781951379013632":{"coin":0,"warns":0,"xp":0,"level":0,"warns_reason":{},"rep":0,"repl":{},"cooldown":{"VIP":"","DjRole":"","GodMode":""}},"503553789509500938":{"coin":1018,"warns":0,"xp":26,"level":3,"warns_reason":{},"rep":0,"repl":{},"cooldown":{"VIP":"","DjRole":"","GodMode":""}},"556766479257829377":{"coin":0,"warns":0,"xp":0,"level":0,"warns_reason":{},"rep":0,"repl":{},"cooldown":{"VIP":"","DjRole":"","GodMode":""}},"557508205266075648":{"coin":0,"warns":0,"xp":0,"level":0,"warns_reason":{},"rep":0,"repl":{},"cooldown":{"VIP":"","DjRole":"","GodMode":""}},"357553283776249866":{"coin":0,"warns":0,"xp":0,"level":0,"warns_reason":{},"rep":0,"repl":{},"cooldown":{"VIP":"","DjRole":"","GodMode":""}},"377889680131358720":{"coin":0,"warns":0,"xp":0,"level":0,"warns_reason":{},"rep":0,"repl":{},"cooldown":{"VIP":"","DjRole":"","GodMode":""}},"367332817010556929":{"coin":0,"warns":0,"xp":6,"level":1,"warns_reason":{},"rep":0,"repl":{},"cooldown":{"VIP":"","DjRole":"","GodMode":""}},"386820456386265089":{"coin":3088,"warns":0,"xp":24,"level":4,"warns_reason":{},"rep":0,"repl":{},"cooldown":{"VIP":"","DjRole":"","GodMode":""}},"284392982570860544":{"coin":0,"warns":0,"xp":0,"level":0,"warns_reason":{},"rep":0,"repl":{},"cooldown":{"VIP":"","DjRole":"","GodMode":""}},"559056147177537547":{"coin":2,"warns":0,"xp":1,"level":1,"warns_reason":{},"rep":0,"repl":{},"cooldown":{"VIP":"","DjRole":"","GodMode":""}},"523602146474852352":{"coin":0,"warns":0,"xp":0,"level":0,"warns_reason":{},"rep":0,"repl":{},"cooldown":{"VIP":"","DjRole":"","GodMode":""}},"480704625327079431":{"coin":57,"warns":0,"xp":24,"level":3,"warns_reason":{},"rep":0,"repl":{},"cooldown":{"VIP":"","DjRole":"","GodMode":""}}}